GROUP,PACKAGE,CLASS,INSTRUCTION_MISSED,INSTRUCTION_COVERED,BRANCH_MISSED,BRANCH_COVERED,LINE_MISSED,LINE_COVERED,COMPLEXITY_MISSED,COMPLEXITY_COVERED,METHOD_MISSED,METHOD_COVERED
com.irurueta:irurueta-commons,com.irurueta.commons,BuildInfo,6,107,1,3,2,28,1,11,0,10
com.irurueta:irurueta-commons,com.irurueta.commons,EditDistance,8,158,4,14,3,28,4,9,0,4
com.irurueta:irurueta-commons,com.irurueta.commons,DateUtils,7,131,4,8,4,36,4,10,0,8
com.irurueta:irurueta-commons,com.irurueta.commons,MaskedPanFormatter,0,100,0,2,0,20,0,9,0,8
com.irurueta:irurueta-commons,com.irurueta.commons,EditDistance.StringArrayWrapper,2,29,1,3,1,7,1,4,0,3
com.irurueta:irurueta-commons,com.irurueta.commons,PanMaskGenerator,0,57,0,6,0,14,0,7,0,4
com.irurueta:irurueta-commons,com.irurueta.commons,CommonsException,0,16,0,0,0,8,0,4,0,4
com.irurueta:irurueta-commons,com.irurueta.commons,EditDistance.GenericArrayWrapper,2,26,1,1,1,7,1,3,0,3
com.irurueta:irurueta-commons,com.irurueta.commons.validators,CreditCardValidator,46,2466,19,192,15,354,18,214,0,95
com.irurueta:irurueta-commons,com.irurueta.commons.validators,CreditCardNetwork,0,184,0,0,0,19,0,1,0,1
com.irurueta:irurueta-commons,com.irurueta.commons.validators,RFCValidator,0,13,0,4,0,3,0,4,0,2
com.irurueta:irurueta-commons,com.irurueta.commons.validators,EmailValidator,0,38,1,7,0,8,1,6,0,3
com.irurueta:irurueta-commons,com.irurueta.commons.validators,NIFValidator.Validador,222,808,82,70,42,73,55,25,0,4
com.irurueta:irurueta-commons,com.irurueta.commons.validators,ZipCodeValidator,1,260,1,11,0,54,1,13,0,8
com.irurueta:irurueta-commons,com.irurueta.commons.validators,NIFValidator,10,137,11,25,0,28,11,26,0,19
